,,F1_micro,F1_micro,F1_macro,F1_macro,Precision_macro,Precision_macro,Recall_macro,Recall_macro,Hamming Loss,Hamming Loss,Jaccard (samples),Jaccard (samples)
,,mean,std,mean,std,mean,std,mean,std,mean,std,mean,std
model,threshold_mode,,,,,,,,,,,,
LSTM,threshold_default_0.5,0.8044,0.012,0.3149,0.0168,0.3578,0.0433,0.3042,0.0151,0.0686,0.0046,0.7251,0.0154
LSTM,threshold_global,0.8068,0.0101,0.3275,0.0178,0.361,0.0403,0.3265,0.0196,0.0696,0.0038,0.7297,0.0147
LSTM,threshold_per_label,0.7827,0.0098,0.4089,0.0328,0.4033,0.0351,0.4456,0.0332,0.0838,0.0054,0.7197,0.0098
Naive Bayes,threshold_default_0.5,0.7957,0.0086,0.3573,0.0173,0.4646,0.0517,0.3389,0.0107,0.0734,0.003,0.7178,0.0094
Naive Bayes,threshold_global,0.7953,0.0079,0.361,0.0198,0.4604,0.0452,0.3445,0.0183,0.0741,0.0016,0.7179,0.0096
Naive Bayes,threshold_per_label,0.7339,0.0175,0.3853,0.0124,0.406,0.0425,0.4459,0.0372,0.1089,0.0121,0.6683,0.0192
SVM,threshold_default_0.5,0.8471,0.0056,0.4721,0.0274,0.739,0.1056,0.4141,0.0176,0.0539,0.0016,0.7789,0.0072
SVM,threshold_global,0.8472,0.0051,0.525,0.0171,0.7772,0.0901,0.4749,0.0189,0.0565,0.002,0.7766,0.0065
SVM,threshold_per_label,0.8394,0.0046,0.6032,0.0128,0.6371,0.0169,0.6097,0.0272,0.0604,0.0021,0.7686,0.0059
